<?xml version="1.0" encoding="utf-8"?>
<cs-manifest xmlns:android="http://schemas.android.com/apk/res/android" package="ext.company.csemptytemplate" versionCode="1" versionName="1.0" minSdkVersion="9" targetSdkVersion="21" screenOrientation="sensorLandscape" debuggable="false">

	<manifest-extra/>
	<application-extra/>
	<permissions>
		<uses-permission android:name="android.permission.WRITE_EXTERNAL_STORAGE" />
		<uses-permission android:name="android.permission.WRITE_INTERNAL_STORAGE" />
		<uses-permission android:name="android.permission.INTERNET" />
		<uses-permission android:name="android.permission.ACCESS_NETWORK_STATE" />
		<uses-permission android:name="android.permission.GET_ACCOUNTS" />
		<uses-permission android:name="android.permission.READ_PHONE_STATE" />
		<uses-permission android:name="android.permission.ACCESS_WIFI_STATE" />
		<uses-permission android:name="com.android.vending.BILLING" />
		<uses-permission android:name="com.android.vending.CHECK_LICENSE" />
		<uses-permission android:name="android.permission.WAKE_LOCK" />
	</permissions>

</cs-manifest>
